{
  "records": [
{
  "masterLabel": "MainPageVisit",
  "developerName": "mainPageVisit",
  "category": "Engagement",
  "externalDataTranFields": [
    { "masterLabel": "eventId",   "dataType": "Text",     "developerName": "eventId",   "isDataRequired": true, "primaryIndexOrder": 1 },
    { "masterLabel": "deviceId",  "dataType": "Text",     "developerName": "deviceId",  "isDataRequired": true },
    { "masterLabel": "dateTime",  "dataType": "DateTime", "developerName": "dateTime",  "isDataRequired": true },
    { "masterLabel": "eventType", "dataType": "Text",     "developerName": "eventType", "isDataRequired": true },
    { "masterLabel": "category",  "dataType": "Text",     "developerName": "category",  "isDataRequired": true },
    { "masterLabel": "sessionId", "dataType": "Text",     "developerName": "sessionId", "isDataRequired": true },

    { "masterLabel": "interactionName", "dataType": "Text", "developerName": "interactionName", "isDataRequired": true },
    { "masterLabel": "sourceUrl",       "dataType": "Text", "developerName": "sourceUrl",       "isDataRequired": false }
  ]
}  ]
}
